[
  {
    "icon": "fa fa-home",
    "slug": "external",
    "title": "Volver al inicio",
    "path": "index.html"
  },  
  { 
    "id": 1,
    "icon": "fa fa-file-text-o",
    "slug": "estadistica",
    "title": "1. Estadística",
    "breadcrumb": ["Inicio","Tema 1"],
    "path": "pages/1-tema.html",    
    "submenu": [
      {
        "icon": "fa fa-file-text-o",
        "slug": "estadistica",
        "title": "1.1 División de la estadística",
        "anchor": "11"
      },
      {
        "icon": "fa fa-file-text-o",
        "slug": "estadistica",
        "title": "1.2 Variables en la estadística",
        "anchor": "12"
      },
      {
        "icon": "fa fa-file-text-o",
        "slug": "estadistica",
        "title": "1.3 Medidas de tendencia central",
        "anchor": "13"
      },
      {
        "icon": "fa fa-file-text-o",
        "slug": "estadistica",
        "title": "1.4 Medidas de dispersión",
        "anchor": "14"
      }
    ]
  },
  { 
    "id": 1,
    "icon": "fa fa-file-text-o",
    "slug": "unidades",
    "title": "2. Sistemas de unidades",
    "breadcrumb": ["Inicio","tema 2"],
    "path": "pages/2-tema.html",    
    "submenu": [
      {
        "icon": "fa fa-file-text-o",
        "slug": "unidades",
        "title": "2.1 Sistema internacional de unidades",
        "anchor": "21"
      },
      {
        "icon": "fa fa-file-text-o",
        "slug": "unidades",
        "title": "2.2 Prefijos del sistema internacional de unidades",
        "anchor": "22"
      },
      {
        "icon": "fa fa-file-text-o",
        "slug": "unidades",
        "title": "2.3 Uso de otras unidades",
        "anchor": "23"
      },
      {
        "icon": "fa fa-file-text-o",
        "slug": "unidades",
        "title": "2.4 Unidades consistentes",
        "anchor": "24"
      }
    ]
  },
  { 
    "id": 1,
    "icon": "fa fa-file-text-o",
    "slug": "medicion_masa_volumen",
    "title": "3. Medición, masa y volumen",
    "breadcrumb": ["Inicio","tema 3"],
    "path": "pages/3-tema.html",    
    "submenu": [
      {
        "icon": "fa fa-file-text-o",
        "slug": "medicion_masa_volumen",
        "title": "3.1 Conceptos generales de masa y peso",
        "anchor": "31"
      },
      {
        "icon": "fa fa-file-text-o",
        "slug": "medicion_masa_volumen",
        "title": "3.2 Conceptos generales de volumen",
        "anchor": "32"
      }
    ]
  },
  { 
    "id": 1,
    "icon": "fa fa-file-text-o",
    "slug": "fichas",
    "title": "4. Fichas técnicas y manuales",
    "breadcrumb": ["Inicio","Tema 4"],
    "path": "pages/4-tema.html",    
    "submenu": [
      {
        "icon": "fa fa-file-text-o",
        "slug": "fichas",
        "title": "4.1 Calibración de equipos",
        "anchor": "41"
      },
      {
        "icon": "fa fa-file-text-o",
        "slug": "fichas",
        "title": "4.2 Hojas de seguridad de productos químicos",
        "anchor": "42"
      },
      {
        "icon": "fa fa-file-text-o",
        "slug": "fichas",
        "title": "4.3 Manual de operación de equipos",
        "anchor": "43"
      }
    ]
  },
  { 
    "id": 1,
    "icon": "fa fa-file-text-o",
    "slug": "soluciones",
    "title": "5. Preparación de soluciones",
    "breadcrumb": ["Inicio","Tema 5"],
    "path": "pages/5-tema.html",    
    "submenu": [
      {
        "icon": "fa fa-file-text-o",
        "slug": "soluciones",
        "title": "5.1 Disoluciones",
        "anchor": "51"
      },
      {
        "icon": "fa fa-file-text-o",
        "slug": "soluciones",
        "title": "5.2 Diluciones",
        "anchor": "52"
      }
    ]
  },
  { 
    "id": 1,
    "icon": "fa fa-file-text-o",
    "slug": "muestreo",
    "title": "6. Realización del muestreo",
    "breadcrumb": ["Inicio","Tema 6"],
    "path": "pages/6-tema.html",    
    "submenu": [
      {
        "icon": "fa fa-file-text-o",
        "slug": "muestreo",
        "title": "6.1 Localización del muestreo",
        "anchor": "61"
      },
      {
        "icon": "fa fa-file-text-o",
        "slug": "muestreo",
        "title": "6.2 Frecuencia del muestreo",
        "anchor": "62"
      },
      {
        "icon": "fa fa-file-text-o",
        "slug": "muestreo",
        "title": "6.3 Alistamiento de materiales e insumos",
        "anchor": "63"
      },
      {
        "icon": "fa fa-file-text-o",
        "slug": "muestreo",
        "title": "6.4 Recolección de muestras",
        "anchor": "64"
      },
      {
        "icon": "fa fa-file-text-o",
        "slug": "muestreo",
        "title": "6.5 Medición de parámetros de campo",
        "anchor": "65"
      }
    ]
  },
  { 
    "id": 1,
    "icon": "fa fa-file-text-o",
    "slug": "rotulado",
    "title": "7. Rotulado del muestreo",
    "breadcrumb": ["Inicio","Tema 7"],
    "path": "pages/7-tema.html",    
    "submenu": [
      {
        "icon": "fa fa-file-text-o",
        "slug": "rotulado",
        "title": "7.1 Características de los rótulos",
        "anchor": "71"
      }
    ]
  }
]